{
  "_generated": "Generated by SweetTooth, do not edit",
  "description": "The 2 Wallpapers GNOME extension is a neat tool that changes your wallpaper whenever you open a window. You can choose to set a darker, blurry, desaturated, or completely different image, whatever suits your preference. This extension was designed to help you focus on your active windows while letting your desktop shine when you want it.

The main idea behind this extension is to allow the use of transparent windows without relying on heavy processing or on-the-fly effects like blur, which can consume too much battery or GPU resources.",
  "donations": {
    "kofi": "dudumaroja"
  },
  "name": "2 Wallpapers",
  "settings-schema": "org.gnome.shell.extensions.2wallpapers",
  "shell-version": [
    "45",
    "46",
    "47",
    "48",
    "49"
  ],
  "url": "https://github.com/dudumaroja/2wallpapers/",
  "uuid": "2wallpapers@dudumaroja",
  "version": 7
}
